[{"annotation":"lightning","featureShape":[2048]},{"annotation":"lightning","featureShape":[2048]},{"annotation":"lightning","featureShape":[2048]},{"featureShape":[2048],"annotation":"lightning"},{"featureShape":[2048],"annotation":"lightning"},{"featureShape":[2048],"annotation":"lightning"},{"featureShape":[2048],"annotation":"lightning"},{"featureShape":[2048],"annotation":"lightning"},{"annotation":"lightning","featureShape":[2048]},{"featureShape":[2048],"annotation":"lightning"},{"featureShape":[2048],"annotation":"lightning"},{"featureShape":[2048],"annotation":"lightning"},{"featureShape":[2048],"annotation":"lightning"},{"featureShape":[2048],"annotation":"lightning"},{"annotation":"lightning","featureShape":[2048]},{"featureShape":[2048],"annotation":"lightning"},{"featureShape":[2048],"annotation":"lightning"},{"featureShape":[2048],"annotation":"lightning"},{"featureShape":[2048],"annotation":"lightning"},{"annotation":"lightning","featureShape":[2048]},{"annotation":"lightning","featureShape":[2048]},{"annotation":"lightning","featureShape":[2048]},{"annotation":"lightning","featureShape":[2048]},{"annotation":"lightning","featureShape":[2048]},{"featureShape":[2048],"annotation":"lightning"},{"featureShape":[2048],"annotation":"lightning"},{"annotation":"lightning","featureShape":[2048]},{"featureShape":[2048],"annotation":"lightning"},{"annotation":"lightning","featureShape":[2048]},{"featureShape":[2048],"annotation":"lightning"},{"featureShape":[2048],"annotation":"lightning"},{"featureShape":[2048],"annotation":"lightning"},{"annotation":"lightning","featureShape":[2048]},{"annotation":"lightning","featureShape":[2048]},{"featureShape":[2048],"annotation":"lightning"},{"featureShape":[2048],"annotation":"lightning"},{"featureShape":[2048],"annotation":"lightning"},{"annotation":"lightning","featureShape":[2048]},{"featureShape":[2048],"annotation":"lightning"},{"featureShape":[2048],"annotation":"lightning"},{"featureShape":[2048],"annotation":"lightning"},{"featureShape":[2048],"annotation":"lightning"},{"featureShape":[2048],"annotation":"lightning"},{"annotation":"lightning","featureShape":[2048]},{"featureShape":[2048],"annotation":"lightning"},{"annotation":"lightning","featureShape":[2048]},{"annotation":"lightning","featureShape":[2048]},{"annotation":"lightning","featureShape":[2048]},{"annotation":"lightning","featureShape":[2048]},{"annotation":"lightning","featureShape":[2048]},{"featureShape":[2048],"annotation":"lightning"},{"featureShape":[2048],"annotation":"lightning"},{"featureShape":[2048],"annotation":"lightning"},{"annotation":"lightning","featureShape":[2048]},{"featureShape":[2048],"annotation":"lightning"},{"featureShape":[2048],"annotation":"lightning"},{"featureShape":[2048],"annotation":"lightning"},{"annotation":"lightning","featureShape":[2048]},{"annotation":"lightning","featureShape":[2048]},{"annotation":"lightning","featureShape":[2048]},{"featureShape":[2048],"annotation":"lightning"},{"annotation":"lightning","featureShape":[2048]},{"featureShape":[2048],"annotation":"lightning"},{"annotation":"lightning","featureShape":[2048]},{"annotation":"lightning","featureShape":[2048]},{"featureShape":[2048],"annotation":"lightning"},{"featureShape":[2048],"annotation":"lightning"},{"featureShape":[2048],"annotation":"lightning"},{"featureShape":[2048],"annotation":"lightning"},{"annotation":"lightning","featureShape":[2048]},{"featureShape":[2048],"annotation":"lightning"},{"annotation":"lightning","featureShape":[2048]},{"annotation":"lightning","featureShape":[2048]},{"featureShape":[2048],"annotation":"lightning"},{"featureShape":[2048],"annotation":"lightning"},{"annotation":"lightning","featureShape":[2048]},{"annotation":"lightning","featureShape":[2048]},{"featureShape":[2048],"annotation":"lightning"},{"annotation":"lightning","featureShape":[2048]},{"featureShape":[2048],"annotation":"lightning"},{"featureShape":[2048],"annotation":"lightning"},{"featureShape":[2048],"annotation":"lightning"},{"featureShape":[2048],"annotation":"lightning"},{"annotation":"lightning","featureShape":[2048]},{"featureShape":[2048],"annotation":"lightning"},{"annotation":"lightning","featureShape":[2048]},{"featureShape":[2048],"annotation":"lightning"},{"featureShape":[2048],"annotation":"lightning"},{"featureShape":[2048],"annotation":"lightning"},{"featureShape":[2048],"annotation":"lightning"},{"annotation":"lightning","featureShape":[2048]},{"featureShape":[2048],"annotation":"lightning"},{"annotation":"lightning","featureShape":[2048]},{"annotation":"lightning","featureShape":[2048]},{"featureShape":[2048],"annotation":"lightning"},{"featureShape":[2048],"annotation":"lightning"},{"featureShape":[2048],"annotation":"lightning"},{"featureShape":[2048],"annotation":"lightning"},{"annotation":"lightning","featureShape":[2048]},{"annotation":"lightning","featureShape":[2048]},{"featureShape":[2048],"annotation":"sandstorm"},{"featureShape":[2048],"annotation":"sandstorm"},{"featureShape":[2048],"annotation":"sandstorm"},{"featureShape":[2048],"annotation":"sandstorm"},{"featureShape":[2048],"annotation":"sandstorm"},{"annotation":"sandstorm","featureShape":[2048]},{"featureShape":[2048],"annotation":"sandstorm"},{"annotation":"sandstorm","featureShape":[2048]},{"annotation":"sandstorm","featureShape":[2048]},{"annotation":"sandstorm","featureShape":[2048]},{"annotation":"sandstorm","featureShape":[2048]},{"featureShape":[2048],"annotation":"sandstorm"},{"featureShape":[2048],"annotation":"sandstorm"},{"annotation":"sandstorm","featureShape":[2048]},{"annotation":"sandstorm","featureShape":[2048]},{"annotation":"sandstorm","featureShape":[2048]},{"annotation":"sandstorm","featureShape":[2048]},{"featureShape":[2048],"annotation":"sandstorm"},{"featureShape":[2048],"annotation":"sandstorm"},{"annotation":"sandstorm","featureShape":[2048]},{"featureShape":[2048],"annotation":"sandstorm"},{"annotation":"sandstorm","featureShape":[2048]},{"featureShape":[2048],"annotation":"sandstorm"},{"featureShape":[2048],"annotation":"sandstorm"},{"annotation":"sandstorm","featureShape":[2048]},{"featureShape":[2048],"annotation":"sandstorm"},{"annotation":"sandstorm","featureShape":[2048]},{"annotation":"sandstorm","featureShape":[2048]},{"featureShape":[2048],"annotation":"sandstorm"},{"annotation":"sandstorm","featureShape":[2048]},{"featureShape":[2048],"annotation":"sandstorm"},{"annotation":"sandstorm","featureShape":[2048]},{"featureShape":[2048],"annotation":"sandstorm"},{"annotation":"sandstorm","featureShape":[2048]},{"annotation":"sandstorm","featureShape":[2048]},{"annotation":"sandstorm","featureShape":[2048]},{"annotation":"sandstorm","featureShape":[2048]},{"annotation":"sandstorm","featureShape":[2048]},{"featureShape":[2048],"annotation":"sandstorm"},{"annotation":"sandstorm","featureShape":[2048]},{"annotation":"sandstorm","featureShape":[2048]},{"featureShape":[2048],"annotation":"sandstorm"},{"featureShape":[2048],"annotation":"sandstorm"},{"annotation":"sandstorm","featureShape":[2048]},{"featureShape":[2048],"annotation":"sandstorm"},{"featureShape":[2048],"annotation":"sandstorm"},{"featureShape":[2048],"annotation":"sandstorm"},{"featureShape":[2048],"annotation":"sandstorm"},{"annotation":"sandstorm","featureShape":[2048]},{"featureShape":[2048],"annotation":"sandstorm"},{"annotation":"sandstorm","featureShape":[2048]},{"annotation":"sandstorm","featureShape":[2048]},{"featureShape":[2048],"annotation":"sandstorm"},{"featureShape":[2048],"annotation":"sandstorm"},{"featureShape":[2048],"annotation":"sandstorm"},{"annotation":"sandstorm","featureShape":[2048]},{"annotation":"sandstorm","featureShape":[2048]},{"featureShape":[2048],"annotation":"sandstorm"},{"featureShape":[2048],"annotation":"sandstorm"},{"featureShape":[2048],"annotation":"sandstorm"},{"featureShape":[2048],"annotation":"sandstorm"},{"featureShape":[2048],"annotation":"sandstorm"},{"featureShape":[2048],"annotation":"sandstorm"},{"annotation":"sandstorm","featureShape":[2048]},{"featureShape":[2048],"annotation":"sandstorm"},{"featureShape":[2048],"annotation":"sandstorm"},{"featureShape":[2048],"annotation":"sandstorm"},{"annotation":"sandstorm","featureShape":[2048]},{"featureShape":[2048],"annotation":"sandstorm"},{"annotation":"sandstorm","featureShape":[2048]},{"annotation":"sandstorm","featureShape":[2048]},{"featureShape":[2048],"annotation":"sandstorm"},{"featureShape":[2048],"annotation":"sandstorm"},{"featureShape":[2048],"annotation":"sandstorm"},{"featureShape":[2048],"annotation":"sandstorm"},{"featureShape":[2048],"annotation":"sandstorm"},{"annotation":"sandstorm","featureShape":[2048]},{"featureShape":[2048],"annotation":"sandstorm"},{"featureShape":[2048],"annotation":"sandstorm"},{"featureShape":[2048],"annotation":"sandstorm"},{"featureShape":[2048],"annotation":"sandstorm"},{"annotation":"sandstorm","featureShape":[2048]},{"featureShape":[2048],"annotation":"sandstorm"},{"featureShape":[2048],"annotation":"sandstorm"},{"featureShape":[2048],"annotation":"sandstorm"},{"featureShape":[2048],"annotation":"sandstorm"},{"featureShape":[2048],"annotation":"sandstorm"},{"featureShape":[2048],"annotation":"sandstorm"},{"featureShape":[2048],"annotation":"sandstorm"},{"featureShape":[2048],"annotation":"sandstorm"},{"annotation":"sandstorm","featureShape":[2048]},{"annotation":"sandstorm","featureShape":[2048]},{"annotation":"sandstorm","featureShape":[2048]},{"annotation":"sandstorm","featureShape":[2048]},{"featureShape":[2048],"annotation":"sandstorm"},{"featureShape":[2048],"annotation":"sandstorm"},{"annotation":"sandstorm","featureShape":[2048]},{"featureShape":[2048],"annotation":"sandstorm"},{"annotation":"sandstorm","featureShape":[2048]},{"featureShape":[2048],"annotation":"sandstorm"},{"annotation":"fogsmog","featureShape":[2048]},{"annotation":"fogsmog","featureShape":[2048]},{"featureShape":[2048],"annotation":"fogsmog"},{"featureShape":[2048],"annotation":"fogsmog"},{"featureShape":[2048],"annotation":"fogsmog"},{"featureShape":[2048],"annotation":"fogsmog"},{"featureShape":[2048],"annotation":"fogsmog"},{"annotation":"fogsmog","featureShape":[2048]},{"featureShape":[2048],"annotation":"fogsmog"},{"annotation":"fogsmog","featureShape":[2048]},{"annotation":"fogsmog","featureShape":[2048]},{"featureShape":[2048],"annotation":"fogsmog"},{"annotation":"fogsmog","featureShape":[2048]},{"featureShape":[2048],"annotation":"fogsmog"},{"annotation":"fogsmog","featureShape":[2048]},{"featureShape":[2048],"annotation":"fogsmog"},{"annotation":"fogsmog","featureShape":[2048]},{"featureShape":[2048],"annotation":"fogsmog"},{"featureShape":[2048],"annotation":"fogsmog"},{"featureShape":[2048],"annotation":"fogsmog"},{"featureShape":[2048],"annotation":"fogsmog"},{"annotation":"fogsmog","featureShape":[2048]},{"featureShape":[2048],"annotation":"fogsmog"},{"annotation":"fogsmog","featureShape":[2048]},{"featureShape":[2048],"annotation":"fogsmog"},{"featureShape":[2048],"annotation":"fogsmog"},{"annotation":"fogsmog","featureShape":[2048]},{"featureShape":[2048],"annotation":"fogsmog"},{"annotation":"fogsmog","featureShape":[2048]},{"featureShape":[2048],"annotation":"fogsmog"},{"annotation":"fogsmog","featureShape":[2048]},{"featureShape":[2048],"annotation":"fogsmog"},{"featureShape":[2048],"annotation":"fogsmog"},{"annotation":"fogsmog","featureShape":[2048]},{"featureShape":[2048],"annotation":"fogsmog"},{"featureShape":[2048],"annotation":"fogsmog"},{"annotation":"fogsmog","featureShape":[2048]},{"featureShape":[2048],"annotation":"fogsmog"},{"featureShape":[2048],"annotation":"fogsmog"},{"featureShape":[2048],"annotation":"fogsmog"},{"annotation":"fogsmog","featureShape":[2048]},{"featureShape":[2048],"annotation":"fogsmog"},{"annotation":"fogsmog","featureShape":[2048]},{"annotation":"fogsmog","featureShape":[2048]},{"featureShape":[2048],"annotation":"fogsmog"},{"annotation":"fogsmog","featureShape":[2048]},{"annotation":"fogsmog","featureShape":[2048]},{"featureShape":[2048],"annotation":"fogsmog"},{"featureShape":[2048],"annotation":"fogsmog"},{"annotation":"fogsmog","featureShape":[2048]},{"featureShape":[2048],"annotation":"fogsmog"},{"annotation":"fogsmog","featureShape":[2048]},{"featureShape":[2048],"annotation":"fogsmog"},{"annotation":"fogsmog","featureShape":[2048]},{"featureShape":[2048],"annotation":"fogsmog"},{"annotation":"fogsmog","featureShape":[2048]},{"annotation":"fogsmog","featureShape":[2048]},{"featureShape":[2048],"annotation":"fogsmog"},{"featureShape":[2048],"annotation":"fogsmog"},{"featureShape":[2048],"annotation":"fogsmog"},{"featureShape":[2048],"annotation":"fogsmog"},{"featureShape":[2048],"annotation":"fogsmog"},{"annotation":"fogsmog","featureShape":[2048]},{"annotation":"fogsmog","featureShape":[2048]},{"featureShape":[2048],"annotation":"fogsmog"},{"featureShape":[2048],"annotation":"fogsmog"},{"featureShape":[2048],"annotation":"fogsmog"},{"annotation":"fogsmog","featureShape":[2048]},{"annotation":"fogsmog","featureShape":[2048]},{"annotation":"fogsmog","featureShape":[2048]},{"annotation":"fogsmog","featureShape":[2048]},{"featureShape":[2048],"annotation":"fogsmog"},{"annotation":"fogsmog","featureShape":[2048]},{"featureShape":[2048],"annotation":"fogsmog"},{"annotation":"fogsmog","featureShape":[2048]},{"featureShape":[2048],"annotation":"fogsmog"},{"annotation":"fogsmog","featureShape":[2048]},{"featureShape":[2048],"annotation":"fogsmog"},{"featureShape":[2048],"annotation":"fogsmog"},{"featureShape":[2048],"annotation":"fogsmog"},{"featureShape":[2048],"annotation":"fogsmog"},{"featureShape":[2048],"annotation":"fogsmog"},{"annotation":"fogsmog","featureShape":[2048]},{"annotation":"fogsmog","featureShape":[2048]},{"annotation":"fogsmog","featureShape":[2048]},{"annotation":"fogsmog","featureShape":[2048]},{"featureShape":[2048],"annotation":"fogsmog"},{"annotation":"fogsmog","featureShape":[2048]},{"featureShape":[2048],"annotation":"fogsmog"},{"featureShape":[2048],"annotation":"fogsmog"},{"annotation":"fogsmog","featureShape":[2048]},{"annotation":"fogsmog","featureShape":[2048]},{"featureShape":[2048],"annotation":"fogsmog"},{"annotation":"fogsmog","featureShape":[2048]},{"annotation":"fogsmog","featureShape":[2048]},{"featureShape":[2048],"annotation":"fogsmog"},{"annotation":"fogsmog","featureShape":[2048]},{"annotation":"fogsmog","featureShape":[2048]},{"featureShape":[2048],"annotation":"fogsmog"},{"annotation":"fogsmog","featureShape":[2048]},{"featureShape":[2048],"annotation":"glaze"},{"featureShape":[2048],"annotation":"glaze"},{"annotation":"glaze","featureShape":[2048]},{"annotation":"glaze","featureShape":[2048]},{"featureShape":[2048],"annotation":"glaze"},{"annotation":"glaze","featureShape":[2048]},{"annotation":"glaze","featureShape":[2048]},{"annotation":"glaze","featureShape":[2048]},{"featureShape":[2048],"annotation":"glaze"},{"featureShape":[2048],"annotation":"glaze"},{"annotation":"glaze","featureShape":[2048]},{"featureShape":[2048],"annotation":"glaze"},{"featureShape":[2048],"annotation":"glaze"},{"featureShape":[2048],"annotation":"glaze"},{"annotation":"glaze","featureShape":[2048]},{"annotation":"glaze","featureShape":[2048]},{"annotation":"glaze","featureShape":[2048]},{"annotation":"glaze","featureShape":[2048]},{"annotation":"glaze","featureShape":[2048]},{"featureShape":[2048],"annotation":"glaze"},{"annotation":"glaze","featureShape":[2048]},{"annotation":"glaze","featureShape":[2048]},{"featureShape":[2048],"annotation":"glaze"},{"featureShape":[2048],"annotation":"glaze"},{"annotation":"glaze","featureShape":[2048]},{"annotation":"glaze","featureShape":[2048]},{"featureShape":[2048],"annotation":"glaze"},{"featureShape":[2048],"annotation":"glaze"},{"featureShape":[2048],"annotation":"glaze"},{"annotation":"glaze","featureShape":[2048]},{"featureShape":[2048],"annotation":"glaze"},{"annotation":"glaze","featureShape":[2048]},{"featureShape":[2048],"annotation":"glaze"},{"annotation":"glaze","featureShape":[2048]},{"annotation":"glaze","featureShape":[2048]},{"annotation":"glaze","featureShape":[2048]},{"annotation":"glaze","featureShape":[2048]},{"featureShape":[2048],"annotation":"glaze"},{"annotation":"glaze","featureShape":[2048]},{"annotation":"glaze","featureShape":[2048]},{"featureShape":[2048],"annotation":"glaze"},{"featureShape":[2048],"annotation":"glaze"},{"featureShape":[2048],"annotation":"glaze"},{"featureShape":[2048],"annotation":"glaze"},{"annotation":"glaze","featureShape":[2048]},{"featureShape":[2048],"annotation":"glaze"},{"annotation":"glaze","featureShape":[2048]},{"annotation":"glaze","featureShape":[2048]},{"featureShape":[2048],"annotation":"glaze"},{"annotation":"glaze","featureShape":[2048]},{"annotation":"glaze","featureShape":[2048]},{"annotation":"glaze","featureShape":[2048]},{"featureShape":[2048],"annotation":"glaze"},{"annotation":"glaze","featureShape":[2048]},{"featureShape":[2048],"annotation":"glaze"},{"featureShape":[2048],"annotation":"glaze"},{"annotation":"glaze","featureShape":[2048]},{"annotation":"glaze","featureShape":[2048]},{"featureShape":[2048],"annotation":"glaze"},{"featureShape":[2048],"annotation":"glaze"},{"featureShape":[2048],"annotation":"glaze"},{"annotation":"glaze","featureShape":[2048]},{"featureShape":[2048],"annotation":"glaze"},{"featureShape":[2048],"annotation":"glaze"},{"featureShape":[2048],"annotation":"glaze"},{"featureShape":[2048],"annotation":"glaze"},{"featureShape":[2048],"annotation":"glaze"},{"featureShape":[2048],"annotation":"glaze"},{"annotation":"glaze","featureShape":[2048]},{"annotation":"glaze","featureShape":[2048]},{"featureShape":[2048],"annotation":"glaze"},{"featureShape":[2048],"annotation":"glaze"},{"featureShape":[2048],"annotation":"glaze"},{"annotation":"glaze","featureShape":[2048]},{"featureShape":[2048],"annotation":"glaze"},{"featureShape":[2048],"annotation":"glaze"},{"annotation":"glaze","featureShape":[2048]},{"annotation":"glaze","featureShape":[2048]},{"featureShape":[2048],"annotation":"glaze"},{"annotation":"glaze","featureShape":[2048]},{"featureShape":[2048],"annotation":"glaze"},{"featureShape":[2048],"annotation":"glaze"},{"annotation":"glaze","featureShape":[2048]},{"featureShape":[2048],"annotation":"glaze"},{"annotation":"glaze","featureShape":[2048]},{"featureShape":[2048],"annotation":"glaze"},{"annotation":"glaze","featureShape":[2048]},{"annotation":"glaze","featureShape":[2048]},{"featureShape":[2048],"annotation":"glaze"},{"featureShape":[2048],"annotation":"glaze"},{"featureShape":[2048],"annotation":"glaze"},{"featureShape":[2048],"annotation":"glaze"},{"annotation":"glaze","featureShape":[2048]},{"annotation":"glaze","featureShape":[2048]},{"annotation":"glaze","featureShape":[2048]},{"annotation":"glaze","featureShape":[2048]},{"annotation":"glaze","featureShape":[2048]},{"featureShape":[2048],"annotation":"glaze"},{"annotation":"glaze","featureShape":[2048]},{"featureShape":[2048],"annotation":"glaze"},{"annotation":"snow","featureShape":[2048]},{"featureShape":[2048],"annotation":"snow"},{"annotation":"snow","featureShape":[2048]},{"featureShape":[2048],"annotation":"snow"},{"featureShape":[2048],"annotation":"snow"},{"annotation":"snow","featureShape":[2048]},{"featureShape":[2048],"annotation":"snow"},{"featureShape":[2048],"annotation":"snow"},{"annotation":"snow","featureShape":[2048]},{"featureShape":[2048],"annotation":"snow"},{"annotation":"snow","featureShape":[2048]},{"featureShape":[2048],"annotation":"snow"},{"featureShape":[2048],"annotation":"snow"},{"featureShape":[2048],"annotation":"snow"},{"featureShape":[2048],"annotation":"snow"},{"featureShape":[2048],"annotation":"snow"},{"annotation":"snow","featureShape":[2048]},{"featureShape":[2048],"annotation":"snow"},{"annotation":"snow","featureShape":[2048]},{"featureShape":[2048],"annotation":"snow"},{"annotation":"snow","featureShape":[2048]},{"featureShape":[2048],"annotation":"snow"},{"featureShape":[2048],"annotation":"snow"},{"featureShape":[2048],"annotation":"snow"},{"annotation":"snow","featureShape":[2048]},{"annotation":"snow","featureShape":[2048]},{"annotation":"snow","featureShape":[2048]},{"featureShape":[2048],"annotation":"snow"},{"featureShape":[2048],"annotation":"snow"},{"featureShape":[2048],"annotation":"snow"},{"featureShape":[2048],"annotation":"snow"},{"featureShape":[2048],"annotation":"snow"},{"annotation":"snow","featureShape":[2048]},{"featureShape":[2048],"annotation":"snow"},{"annotation":"snow","featureShape":[2048]},{"featureShape":[2048],"annotation":"snow"},{"annotation":"snow","featureShape":[2048]},{"annotation":"snow","featureShape":[2048]},{"annotation":"snow","featureShape":[2048]},{"featureShape":[2048],"annotation":"snow"},{"annotation":"snow","featureShape":[2048]},{"featureShape":[2048],"annotation":"snow"},{"annotation":"snow","featureShape":[2048]},{"annotation":"snow","featureShape":[2048]},{"annotation":"snow","featureShape":[2048]},{"featureShape":[2048],"annotation":"snow"},{"featureShape":[2048],"annotation":"snow"},{"featureShape":[2048],"annotation":"snow"},{"featureShape":[2048],"annotation":"snow"},{"annotation":"snow","featureShape":[2048]},{"featureShape":[2048],"annotation":"snow"},{"annotation":"snow","featureShape":[2048]},{"featureShape":[2048],"annotation":"snow"},{"featureShape":[2048],"annotation":"snow"},{"annotation":"snow","featureShape":[2048]},{"featureShape":[2048],"annotation":"snow"},{"annotation":"snow","featureShape":[2048]},{"featureShape":[2048],"annotation":"snow"},{"featureShape":[2048],"annotation":"snow"},{"featureShape":[2048],"annotation":"snow"},{"featureShape":[2048],"annotation":"snow"},{"featureShape":[2048],"annotation":"snow"},{"featureShape":[2048],"annotation":"snow"},{"annotation":"snow","featureShape":[2048]},{"annotation":"snow","featureShape":[2048]},{"featureShape":[2048],"annotation":"snow"},{"annotation":"snow","featureShape":[2048]},{"featureShape":[2048],"annotation":"snow"},{"featureShape":[2048],"annotation":"snow"},{"featureShape":[2048],"annotation":"snow"},{"featureShape":[2048],"annotation":"snow"},{"featureShape":[2048],"annotation":"snow"},{"featureShape":[2048],"annotation":"snow"},{"featureShape":[2048],"annotation":"snow"},{"featureShape":[2048],"annotation":"snow"},{"featureShape":[2048],"annotation":"snow"},{"featureShape":[2048],"annotation":"snow"},{"featureShape":[2048],"annotation":"snow"},{"featureShape":[2048],"annotation":"snow"},{"annotation":"snow","featureShape":[2048]},{"featureShape":[2048],"annotation":"snow"},{"featureShape":[2048],"annotation":"snow"},{"annotation":"snow","featureShape":[2048]},{"annotation":"snow","featureShape":[2048]},{"featureShape":[2048],"annotation":"snow"},{"featureShape":[2048],"annotation":"snow"},{"annotation":"snow","featureShape":[2048]},{"featureShape":[2048],"annotation":"snow"},{"annotation":"snow","featureShape":[2048]},{"annotation":"snow","featureShape":[2048]},{"featureShape":[2048],"annotation":"snow"},{"featureShape":[2048],"annotation":"snow"},{"featureShape":[2048],"annotation":"snow"},{"annotation":"snow","featureShape":[2048]},{"featureShape":[2048],"annotation":"snow"},{"annotation":"snow","featureShape":[2048]},{"featureShape":[2048],"annotation":"snow"},{"featureShape":[2048],"annotation":"snow"},{"featureShape":[2048],"annotation":"snow"},{"annotation":"snow","featureShape":[2048]},{"featureShape":[2048],"annotation":"hail"},{"featureShape":[2048],"annotation":"hail"},{"featureShape":[2048],"annotation":"hail"},{"featureShape":[2048],"annotation":"hail"},{"featureShape":[2048],"annotation":"hail"},{"featureShape":[2048],"annotation":"hail"},{"annotation":"hail","featureShape":[2048]},{"annotation":"hail","featureShape":[2048]},{"featureShape":[2048],"annotation":"hail"},{"annotation":"hail","featureShape":[2048]},{"annotation":"hail","featureShape":[2048]},{"annotation":"hail","featureShape":[2048]},{"featureShape":[2048],"annotation":"hail"},{"featureShape":[2048],"annotation":"hail"},{"annotation":"hail","featureShape":[2048]},{"featureShape":[2048],"annotation":"hail"},{"annotation":"hail","featureShape":[2048]},{"annotation":"hail","featureShape":[2048]},{"annotation":"hail","featureShape":[2048]},{"featureShape":[2048],"annotation":"hail"},{"annotation":"hail","featureShape":[2048]},{"featureShape":[2048],"annotation":"hail"},{"annotation":"hail","featureShape":[2048]},{"featureShape":[2048],"annotation":"hail"},{"annotation":"hail","featureShape":[2048]},{"annotation":"hail","featureShape":[2048]},{"featureShape":[2048],"annotation":"hail"},{"featureShape":[2048],"annotation":"hail"},{"annotation":"hail","featureShape":[2048]},{"annotation":"hail","featureShape":[2048]},{"featureShape":[2048],"annotation":"hail"},{"annotation":"hail","featureShape":[2048]},{"featureShape":[2048],"annotation":"hail"},{"annotation":"hail","featureShape":[2048]},{"annotation":"hail","featureShape":[2048]},{"featureShape":[2048],"annotation":"hail"},{"annotation":"hail","featureShape":[2048]},{"annotation":"hail","featureShape":[2048]},{"annotation":"hail","featureShape":[2048]},{"annotation":"hail","featureShape":[2048]},{"annotation":"hail","featureShape":[2048]},{"featureShape":[2048],"annotation":"hail"},{"annotation":"hail","featureShape":[2048]},{"annotation":"hail","featureShape":[2048]},{"featureShape":[2048],"annotation":"hail"},{"featureShape":[2048],"annotation":"hail"},{"featureShape":[2048],"annotation":"hail"},{"featureShape":[2048],"annotation":"hail"},{"annotation":"hail","featureShape":[2048]},{"annotation":"hail","featureShape":[2048]},{"featureShape":[2048],"annotation":"hail"},{"featureShape":[2048],"annotation":"hail"},{"featureShape":[2048],"annotation":"hail"},{"featureShape":[2048],"annotation":"hail"},{"featureShape":[2048],"annotation":"hail"},{"featureShape":[2048],"annotation":"hail"},{"featureShape":[2048],"annotation":"hail"},{"annotation":"hail","featureShape":[2048]},{"featureShape":[2048],"annotation":"hail"},{"featureShape":[2048],"annotation":"hail"},{"annotation":"hail","featureShape":[2048]},{"featureShape":[2048],"annotation":"hail"},{"annotation":"hail","featureShape":[2048]},{"annotation":"hail","featureShape":[2048]},{"featureShape":[2048],"annotation":"hail"},{"featureShape":[2048],"annotation":"hail"},{"featureShape":[2048],"annotation":"hail"},{"featureShape":[2048],"annotation":"hail"},{"annotation":"hail","featureShape":[2048]},{"featureShape":[2048],"annotation":"hail"},{"annotation":"hail","featureShape":[2048]},{"annotation":"hail","featureShape":[2048]},{"annotation":"hail","featureShape":[2048]},{"featureShape":[2048],"annotation":"hail"},{"featureShape":[2048],"annotation":"hail"},{"annotation":"hail","featureShape":[2048]},{"annotation":"hail","featureShape":[2048]},{"annotation":"hail","featureShape":[2048]},{"featureShape":[2048],"annotation":"hail"},{"annotation":"hail","featureShape":[2048]},{"annotation":"hail","featureShape":[2048]},{"annotation":"hail","featureShape":[2048]},{"featureShape":[2048],"annotation":"hail"},{"featureShape":[2048],"annotation":"hail"},{"featureShape":[2048],"annotation":"hail"},{"annotation":"hail","featureShape":[2048]},{"annotation":"hail","featureShape":[2048]},{"featureShape":[2048],"annotation":"hail"},{"featureShape":[2048],"annotation":"hail"},{"featureShape":[2048],"annotation":"hail"},{"featureShape":[2048],"annotation":"hail"},{"featureShape":[2048],"annotation":"hail"},{"annotation":"hail","featureShape":[2048]},{"annotation":"hail","featureShape":[2048]},{"featureShape":[2048],"annotation":"hail"},{"featureShape":[2048],"annotation":"hail"},{"annotation":"hail","featureShape":[2048]},{"annotation":"hail","featureShape":[2048]},{"featureShape":[2048],"annotation":"hail"},{"annotation":"hail","featureShape":[2048]},{"featureShape":[2048],"annotation":"frost"},{"featureShape":[2048],"annotation":"frost"},{"featureShape":[2048],"annotation":"frost"},{"featureShape":[2048],"annotation":"frost"},{"featureShape":[2048],"annotation":"frost"},{"featureShape":[2048],"annotation":"frost"},{"annotation":"frost","featureShape":[2048]},{"featureShape":[2048],"annotation":"frost"},{"featureShape":[2048],"annotation":"frost"},{"featureShape":[2048],"annotation":"frost"},{"featureShape":[2048],"annotation":"frost"},{"annotation":"frost","featureShape":[2048]},{"annotation":"frost","featureShape":[2048]},{"featureShape":[2048],"annotation":"frost"},{"annotation":"frost","featureShape":[2048]},{"featureShape":[2048],"annotation":"frost"},{"featureShape":[2048],"annotation":"frost"},{"featureShape":[2048],"annotation":"frost"},{"annotation":"frost","featureShape":[2048]},{"annotation":"frost","featureShape":[2048]},{"featureShape":[2048],"annotation":"frost"},{"featureShape":[2048],"annotation":"frost"},{"annotation":"frost","featureShape":[2048]},{"annotation":"frost","featureShape":[2048]},{"featureShape":[2048],"annotation":"frost"},{"featureShape":[2048],"annotation":"frost"},{"annotation":"frost","featureShape":[2048]},{"featureShape":[2048],"annotation":"frost"},{"featureShape":[2048],"annotation":"frost"},{"annotation":"frost","featureShape":[2048]},{"featureShape":[2048],"annotation":"frost"},{"featureShape":[2048],"annotation":"frost"},{"annotation":"frost","featureShape":[2048]},{"featureShape":[2048],"annotation":"frost"},{"featureShape":[2048],"annotation":"frost"},{"featureShape":[2048],"annotation":"frost"},{"featureShape":[2048],"annotation":"frost"},{"annotation":"frost","featureShape":[2048]},{"featureShape":[2048],"annotation":"frost"},{"annotation":"frost","featureShape":[2048]},{"featureShape":[2048],"annotation":"frost"},{"annotation":"frost","featureShape":[2048]},{"annotation":"frost","featureShape":[2048]},{"annotation":"frost","featureShape":[2048]},{"featureShape":[2048],"annotation":"frost"},{"annotation":"frost","featureShape":[2048]},{"annotation":"frost","featureShape":[2048]},{"annotation":"frost","featureShape":[2048]},{"annotation":"frost","featureShape":[2048]},{"featureShape":[2048],"annotation":"frost"},{"featureShape":[2048],"annotation":"frost"},{"annotation":"frost","featureShape":[2048]},{"annotation":"frost","featureShape":[2048]},{"annotation":"frost","featureShape":[2048]},{"featureShape":[2048],"annotation":"frost"},{"featureShape":[2048],"annotation":"frost"},{"annotation":"frost","featureShape":[2048]},{"featureShape":[2048],"annotation":"frost"},{"featureShape":[2048],"annotation":"frost"},{"featureShape":[2048],"annotation":"frost"},{"featureShape":[2048],"annotation":"frost"},{"annotation":"frost","featureShape":[2048]},{"featureShape":[2048],"annotation":"frost"},{"annotation":"frost","featureShape":[2048]},{"annotation":"frost","featureShape":[2048]},{"featureShape":[2048],"annotation":"frost"},{"featureShape":[2048],"annotation":"frost"},{"featureShape":[2048],"annotation":"frost"},{"featureShape":[2048],"annotation":"frost"},{"annotation":"frost","featureShape":[2048]},{"featureShape":[2048],"annotation":"frost"},{"featureShape":[2048],"annotation":"frost"},{"featureShape":[2048],"annotation":"frost"},{"featureShape":[2048],"annotation":"frost"},{"annotation":"frost","featureShape":[2048]},{"annotation":"frost","featureShape":[2048]},{"annotation":"frost","featureShape":[2048]},{"annotation":"frost","featureShape":[2048]},{"featureShape":[2048],"annotation":"frost"},{"annotation":"frost","featureShape":[2048]},{"annotation":"frost","featureShape":[2048]},{"featureShape":[2048],"annotation":"frost"},{"featureShape":[2048],"annotation":"frost"},{"annotation":"frost","featureShape":[2048]},{"featureShape":[2048],"annotation":"frost"},{"featureShape":[2048],"annotation":"frost"},{"annotation":"frost","featureShape":[2048]},{"featureShape":[2048],"annotation":"frost"},{"annotation":"frost","featureShape":[2048]},{"annotation":"frost","featureShape":[2048]},{"annotation":"frost","featureShape":[2048]},{"featureShape":[2048],"annotation":"frost"},{"featureShape":[2048],"annotation":"frost"},{"featureShape":[2048],"annotation":"frost"},{"featureShape":[2048],"annotation":"frost"},{"featureShape":[2048],"annotation":"frost"},{"featureShape":[2048],"annotation":"frost"},{"featureShape":[2048],"annotation":"frost"},{"annotation":"frost","featureShape":[2048]},{"annotation":"frost","featureShape":[2048]},{"annotation":"rain","featureShape":[2048]},{"featureShape":[2048],"annotation":"rain"},{"featureShape":[2048],"annotation":"rain"},{"featureShape":[2048],"annotation":"rain"},{"featureShape":[2048],"annotation":"rain"},{"featureShape":[2048],"annotation":"rain"},{"featureShape":[2048],"annotation":"rain"},{"annotation":"rain","featureShape":[2048]},{"featureShape":[2048],"annotation":"rain"},{"featureShape":[2048],"annotation":"rain"},{"featureShape":[2048],"annotation":"rain"},{"annotation":"rain","featureShape":[2048]},{"featureShape":[2048],"annotation":"rain"},{"featureShape":[2048],"annotation":"rain"},{"annotation":"rain","featureShape":[2048]},{"featureShape":[2048],"annotation":"rain"},{"featureShape":[2048],"annotation":"rain"},{"annotation":"rain","featureShape":[2048]},{"featureShape":[2048],"annotation":"rain"},{"featureShape":[2048],"annotation":"rain"},{"annotation":"rain","featureShape":[2048]},{"annotation":"rain","featureShape":[2048]},{"featureShape":[2048],"annotation":"rain"},{"annotation":"rain","featureShape":[2048]},{"featureShape":[2048],"annotation":"rain"},{"featureShape":[2048],"annotation":"rain"},{"annotation":"rain","featureShape":[2048]},{"featureShape":[2048],"annotation":"rain"},{"annotation":"rain","featureShape":[2048]},{"annotation":"rain","featureShape":[2048]},{"annotation":"rain","featureShape":[2048]},{"featureShape":[2048],"annotation":"rain"},{"featureShape":[2048],"annotation":"rain"},{"featureShape":[2048],"annotation":"rain"},{"featureShape":[2048],"annotation":"rain"},{"featureShape":[2048],"annotation":"rain"},{"annotation":"rain","featureShape":[2048]},{"annotation":"rain","featureShape":[2048]},{"featureShape":[2048],"annotation":"rain"},{"annotation":"rain","featureShape":[2048]},{"annotation":"rain","featureShape":[2048]},{"annotation":"rain","featureShape":[2048]},{"annotation":"rain","featureShape":[2048]},{"annotation":"rain","featureShape":[2048]},{"annotation":"rain","featureShape":[2048]},{"featureShape":[2048],"annotation":"rain"},{"featureShape":[2048],"annotation":"rain"},{"featureShape":[2048],"annotation":"rain"},{"featureShape":[2048],"annotation":"rain"},{"featureShape":[2048],"annotation":"rain"},{"annotation":"rain","featureShape":[2048]},{"annotation":"rain","featureShape":[2048]},{"featureShape":[2048],"annotation":"rain"},{"annotation":"rain","featureShape":[2048]},{"annotation":"rain","featureShape":[2048]},{"featureShape":[2048],"annotation":"rain"},{"annotation":"rain","featureShape":[2048]},{"annotation":"rain","featureShape":[2048]},{"featureShape":[2048],"annotation":"rain"},{"annotation":"rain","featureShape":[2048]},{"featureShape":[2048],"annotation":"rain"},{"featureShape":[2048],"annotation":"rain"},{"annotation":"rain","featureShape":[2048]},{"featureShape":[2048],"annotation":"rain"},{"featureShape":[2048],"annotation":"rain"},{"featureShape":[2048],"annotation":"rain"},{"featureShape":[2048],"annotation":"rain"},{"annotation":"rain","featureShape":[2048]},{"annotation":"rain","featureShape":[2048]},{"featureShape":[2048],"annotation":"rain"},{"featureShape":[2048],"annotation":"rain"},{"featureShape":[2048],"annotation":"rain"},{"featureShape":[2048],"annotation":"rain"},{"featureShape":[2048],"annotation":"rain"},{"featureShape":[2048],"annotation":"rain"},{"annotation":"rain","featureShape":[2048]},{"annotation":"rain","featureShape":[2048]},{"featureShape":[2048],"annotation":"rain"},{"featureShape":[2048],"annotation":"rain"},{"featureShape":[2048],"annotation":"rain"},{"featureShape":[2048],"annotation":"rain"},{"featureShape":[2048],"annotation":"rain"},{"featureShape":[2048],"annotation":"rain"},{"featureShape":[2048],"annotation":"rain"},{"featureShape":[2048],"annotation":"rain"},{"annotation":"rain","featureShape":[2048]},{"featureShape":[2048],"annotation":"rain"},{"featureShape":[2048],"annotation":"rain"},{"annotation":"rain","featureShape":[2048]},{"annotation":"rain","featureShape":[2048]},{"annotation":"rain","featureShape":[2048]},{"featureShape":[2048],"annotation":"rain"},{"featureShape":[2048],"annotation":"rain"},{"featureShape":[2048],"annotation":"rain"},{"featureShape":[2048],"annotation":"rain"},{"annotation":"rain","featureShape":[2048]},{"featureShape":[2048],"annotation":"rain"},{"annotation":"rain","featureShape":[2048]},{"featureShape":[2048],"annotation":"rain"},{"annotation":"rain","featureShape":[2048]},{"featureShape":[2048],"annotation":"rainbow"},{"featureShape":[2048],"annotation":"rainbow"},{"annotation":"rainbow","featureShape":[2048]},{"annotation":"rainbow","featureShape":[2048]},{"annotation":"rainbow","featureShape":[2048]},{"featureShape":[2048],"annotation":"rainbow"},{"featureShape":[2048],"annotation":"rainbow"},{"annotation":"rainbow","featureShape":[2048]},{"featureShape":[2048],"annotation":"rainbow"},{"annotation":"rainbow","featureShape":[2048]},{"featureShape":[2048],"annotation":"rainbow"},{"featureShape":[2048],"annotation":"rainbow"},{"annotation":"rainbow","featureShape":[2048]},{"annotation":"rainbow","featureShape":[2048]},{"featureShape":[2048],"annotation":"rainbow"},{"annotation":"rainbow","featureShape":[2048]},{"featureShape":[2048],"annotation":"rainbow"},{"featureShape":[2048],"annotation":"rainbow"},{"annotation":"rainbow","featureShape":[2048]},{"annotation":"rainbow","featureShape":[2048]},{"featureShape":[2048],"annotation":"rainbow"},{"featureShape":[2048],"annotation":"rainbow"},{"annotation":"rainbow","featureShape":[2048]},{"featureShape":[2048],"annotation":"rainbow"},{"featureShape":[2048],"annotation":"rainbow"},{"featureShape":[2048],"annotation":"rainbow"},{"annotation":"rainbow","featureShape":[2048]},{"featureShape":[2048],"annotation":"rainbow"},{"annotation":"rainbow","featureShape":[2048]},{"annotation":"rainbow","featureShape":[2048]},{"annotation":"rainbow","featureShape":[2048]},{"featureShape":[2048],"annotation":"rainbow"},{"featureShape":[2048],"annotation":"rainbow"},{"featureShape":[2048],"annotation":"rainbow"},{"annotation":"rainbow","featureShape":[2048]},{"annotation":"rainbow","featureShape":[2048]},{"annotation":"rainbow","featureShape":[2048]},{"featureShape":[2048],"annotation":"rainbow"},{"featureShape":[2048],"annotation":"rainbow"},{"featureShape":[2048],"annotation":"rainbow"},{"featureShape":[2048],"annotation":"rainbow"},{"featureShape":[2048],"annotation":"rainbow"},{"featureShape":[2048],"annotation":"rainbow"},{"featureShape":[2048],"annotation":"rainbow"},{"annotation":"rainbow","featureShape":[2048]},{"annotation":"rainbow","featureShape":[2048]},{"annotation":"rainbow","featureShape":[2048]},{"annotation":"rainbow","featureShape":[2048]},{"featureShape":[2048],"annotation":"rainbow"},{"featureShape":[2048],"annotation":"rainbow"},{"featureShape":[2048],"annotation":"rainbow"},{"annotation":"rainbow","featureShape":[2048]},{"annotation":"rainbow","featureShape":[2048]},{"annotation":"rainbow","featureShape":[2048]},{"annotation":"rainbow","featureShape":[2048]},{"featureShape":[2048],"annotation":"rainbow"},{"annotation":"rainbow","featureShape":[2048]},{"annotation":"rainbow","featureShape":[2048]},{"annotation":"rainbow","featureShape":[2048]},{"annotation":"rainbow","featureShape":[2048]},{"annotation":"rainbow","featureShape":[2048]},{"featureShape":[2048],"annotation":"rainbow"},{"featureShape":[2048],"annotation":"rainbow"},{"featureShape":[2048],"annotation":"rainbow"},{"annotation":"rainbow","featureShape":[2048]},{"annotation":"rainbow","featureShape":[2048]},{"annotation":"rainbow","featureShape":[2048]},{"featureShape":[2048],"annotation":"rainbow"},{"featureShape":[2048],"annotation":"rainbow"},{"featureShape":[2048],"annotation":"rainbow"},{"annotation":"rainbow","featureShape":[2048]},{"annotation":"rainbow","featureShape":[2048]},{"featureShape":[2048],"annotation":"rainbow"},{"featureShape":[2048],"annotation":"rainbow"},{"annotation":"rainbow","featureShape":[2048]},{"featureShape":[2048],"annotation":"rainbow"},{"annotation":"rainbow","featureShape":[2048]},{"annotation":"rainbow","featureShape":[2048]},{"annotation":"rainbow","featureShape":[2048]},{"annotation":"rainbow","featureShape":[2048]},{"featureShape":[2048],"annotation":"rainbow"},{"featureShape":[2048],"annotation":"rainbow"},{"featureShape":[2048],"annotation":"rainbow"},{"featureShape":[2048],"annotation":"rainbow"},{"annotation":"rainbow","featureShape":[2048]},{"annotation":"rainbow","featureShape":[2048]},{"featureShape":[2048],"annotation":"rainbow"},{"annotation":"rainbow","featureShape":[2048]},{"featureShape":[2048],"annotation":"rainbow"},{"featureShape":[2048],"annotation":"rainbow"},{"featureShape":[2048],"annotation":"rainbow"},{"featureShape":[2048],"annotation":"rainbow"},{"featureShape":[2048],"annotation":"rainbow"},{"featureShape":[2048],"annotation":"rainbow"},{"featureShape":[2048],"annotation":"rainbow"},{"featureShape":[2048],"annotation":"rainbow"},{"annotation":"rainbow","featureShape":[2048]},{"featureShape":[2048],"annotation":"rainbow"},{"featureShape":[2048],"annotation":"rainbow"},{"annotation":"rainbow","featureShape":[2048]},{"annotation":"dew","featureShape":[2048]},{"featureShape":[2048],"annotation":"dew"},{"featureShape":[2048],"annotation":"dew"},{"annotation":"dew","featureShape":[2048]},{"annotation":"dew","featureShape":[2048]},{"featureShape":[2048],"annotation":"dew"},{"annotation":"dew","featureShape":[2048]},{"annotation":"dew","featureShape":[2048]},{"featureShape":[2048],"annotation":"dew"},{"annotation":"dew","featureShape":[2048]},{"featureShape":[2048],"annotation":"dew"},{"featureShape":[2048],"annotation":"dew"},{"annotation":"dew","featureShape":[2048]},{"featureShape":[2048],"annotation":"dew"},{"featureShape":[2048],"annotation":"dew"},{"featureShape":[2048],"annotation":"dew"},{"featureShape":[2048],"annotation":"dew"},{"annotation":"dew","featureShape":[2048]},{"featureShape":[2048],"annotation":"dew"},{"featureShape":[2048],"annotation":"dew"},{"featureShape":[2048],"annotation":"dew"},{"featureShape":[2048],"annotation":"dew"},{"annotation":"dew","featureShape":[2048]},{"annotation":"dew","featureShape":[2048]},{"featureShape":[2048],"annotation":"dew"},{"featureShape":[2048],"annotation":"dew"},{"featureShape":[2048],"annotation":"dew"},{"annotation":"dew","featureShape":[2048]},{"annotation":"dew","featureShape":[2048]},{"annotation":"dew","featureShape":[2048]},{"featureShape":[2048],"annotation":"dew"},{"featureShape":[2048],"annotation":"dew"},{"annotation":"dew","featureShape":[2048]},{"annotation":"dew","featureShape":[2048]},{"annotation":"dew","featureShape":[2048]},{"featureShape":[2048],"annotation":"dew"},{"annotation":"dew","featureShape":[2048]},{"annotation":"dew","featureShape":[2048]},{"annotation":"dew","featureShape":[2048]},{"annotation":"dew","featureShape":[2048]},{"annotation":"dew","featureShape":[2048]},{"featureShape":[2048],"annotation":"dew"},{"featureShape":[2048],"annotation":"dew"},{"annotation":"dew","featureShape":[2048]},{"featureShape":[2048],"annotation":"dew"},{"featureShape":[2048],"annotation":"dew"},{"featureShape":[2048],"annotation":"dew"},{"annotation":"dew","featureShape":[2048]},{"annotation":"dew","featureShape":[2048]},{"annotation":"dew","featureShape":[2048]},{"featureShape":[2048],"annotation":"dew"},{"featureShape":[2048],"annotation":"dew"},{"featureShape":[2048],"annotation":"dew"},{"annotation":"dew","featureShape":[2048]},{"annotation":"dew","featureShape":[2048]},{"annotation":"dew","featureShape":[2048]},{"annotation":"dew","featureShape":[2048]},{"annotation":"dew","featureShape":[2048]},{"annotation":"dew","featureShape":[2048]},{"featureShape":[2048],"annotation":"dew"},{"featureShape":[2048],"annotation":"dew"},{"featureShape":[2048],"annotation":"dew"},{"featureShape":[2048],"annotation":"dew"},{"featureShape":[2048],"annotation":"dew"},{"annotation":"dew","featureShape":[2048]},{"featureShape":[2048],"annotation":"dew"},{"annotation":"dew","featureShape":[2048]},{"featureShape":[2048],"annotation":"dew"},{"featureShape":[2048],"annotation":"dew"},{"featureShape":[2048],"annotation":"dew"},{"featureShape":[2048],"annotation":"dew"},{"annotation":"dew","featureShape":[2048]},{"annotation":"dew","featureShape":[2048]},{"featureShape":[2048],"annotation":"dew"},{"annotation":"dew","featureShape":[2048]},{"featureShape":[2048],"annotation":"dew"},{"featureShape":[2048],"annotation":"dew"},{"featureShape":[2048],"annotation":"dew"},{"annotation":"dew","featureShape":[2048]},{"annotation":"dew","featureShape":[2048]},{"featureShape":[2048],"annotation":"dew"},{"featureShape":[2048],"annotation":"dew"},{"annotation":"dew","featureShape":[2048]},{"featureShape":[2048],"annotation":"dew"},{"featureShape":[2048],"annotation":"dew"},{"featureShape":[2048],"annotation":"dew"},{"featureShape":[2048],"annotation":"dew"},{"annotation":"dew","featureShape":[2048]},{"featureShape":[2048],"annotation":"dew"},{"featureShape":[2048],"annotation":"dew"},{"annotation":"dew","featureShape":[2048]},{"annotation":"dew","featureShape":[2048]},{"annotation":"dew","featureShape":[2048]},{"annotation":"dew","featureShape":[2048]},{"annotation":"dew","featureShape":[2048]},{"featureShape":[2048],"annotation":"dew"},{"annotation":"dew","featureShape":[2048]},{"annotation":"dew","featureShape":[2048]},{"annotation":"dew","featureShape":[2048]},{"featureShape":[2048],"annotation":"dew"},{"featureShape":[2048],"annotation":"rime"},{"featureShape":[2048],"annotation":"rime"},{"featureShape":[2048],"annotation":"rime"},{"featureShape":[2048],"annotation":"rime"},{"annotation":"rime","featureShape":[2048]},{"annotation":"rime","featureShape":[2048]},{"featureShape":[2048],"annotation":"rime"},{"featureShape":[2048],"annotation":"rime"},{"featureShape":[2048],"annotation":"rime"},{"featureShape":[2048],"annotation":"rime"},{"annotation":"rime","featureShape":[2048]},{"featureShape":[2048],"annotation":"rime"},{"annotation":"rime","featureShape":[2048]},{"featureShape":[2048],"annotation":"rime"},{"featureShape":[2048],"annotation":"rime"},{"annotation":"rime","featureShape":[2048]},{"featureShape":[2048],"annotation":"rime"},{"featureShape":[2048],"annotation":"rime"},{"featureShape":[2048],"annotation":"rime"},{"featureShape":[2048],"annotation":"rime"},{"featureShape":[2048],"annotation":"rime"},{"annotation":"rime","featureShape":[2048]},{"annotation":"rime","featureShape":[2048]},{"featureShape":[2048],"annotation":"rime"},{"featureShape":[2048],"annotation":"rime"},{"annotation":"rime","featureShape":[2048]},{"featureShape":[2048],"annotation":"rime"},{"featureShape":[2048],"annotation":"rime"},{"featureShape":[2048],"annotation":"rime"},{"featureShape":[2048],"annotation":"rime"},{"annotation":"rime","featureShape":[2048]},{"featureShape":[2048],"annotation":"rime"},{"featureShape":[2048],"annotation":"rime"},{"annotation":"rime","featureShape":[2048]},{"annotation":"rime","featureShape":[2048]},{"featureShape":[2048],"annotation":"rime"},{"featureShape":[2048],"annotation":"rime"},{"featureShape":[2048],"annotation":"rime"},{"featureShape":[2048],"annotation":"rime"},{"featureShape":[2048],"annotation":"rime"},{"featureShape":[2048],"annotation":"rime"},{"featureShape":[2048],"annotation":"rime"},{"annotation":"rime","featureShape":[2048]},{"annotation":"rime","featureShape":[2048]},{"featureShape":[2048],"annotation":"rime"},{"featureShape":[2048],"annotation":"rime"},{"annotation":"rime","featureShape":[2048]},{"annotation":"rime","featureShape":[2048]},{"featureShape":[2048],"annotation":"rime"},{"featureShape":[2048],"annotation":"rime"},{"annotation":"rime","featureShape":[2048]},{"annotation":"rime","featureShape":[2048]},{"featureShape":[2048],"annotation":"rime"},{"featureShape":[2048],"annotation":"rime"},{"featureShape":[2048],"annotation":"rime"},{"featureShape":[2048],"annotation":"rime"},{"annotation":"rime","featureShape":[2048]},{"annotation":"rime","featureShape":[2048]},{"featureShape":[2048],"annotation":"rime"},{"annotation":"rime","featureShape":[2048]},{"featureShape":[2048],"annotation":"rime"},{"featureShape":[2048],"annotation":"rime"},{"featureShape":[2048],"annotation":"rime"},{"featureShape":[2048],"annotation":"rime"},{"annotation":"rime","featureShape":[2048]},{"annotation":"rime","featureShape":[2048]},{"annotation":"rime","featureShape":[2048]},{"annotation":"rime","featureShape":[2048]},{"annotation":"rime","featureShape":[2048]},{"annotation":"rime","featureShape":[2048]},{"featureShape":[2048],"annotation":"rime"},{"featureShape":[2048],"annotation":"rime"},{"featureShape":[2048],"annotation":"rime"},{"annotation":"rime","featureShape":[2048]},{"featureShape":[2048],"annotation":"rime"},{"featureShape":[2048],"annotation":"rime"},{"featureShape":[2048],"annotation":"rime"},{"annotation":"rime","featureShape":[2048]},{"featureShape":[2048],"annotation":"rime"},{"featureShape":[2048],"annotation":"rime"},{"annotation":"rime","featureShape":[2048]},{"featureShape":[2048],"annotation":"rime"},{"annotation":"rime","featureShape":[2048]},{"featureShape":[2048],"annotation":"rime"},{"featureShape":[2048],"annotation":"rime"},{"annotation":"rime","featureShape":[2048]},{"annotation":"rime","featureShape":[2048]},{"featureShape":[2048],"annotation":"rime"},{"annotation":"rime","featureShape":[2048]},{"annotation":"rime","featureShape":[2048]},{"annotation":"rime","featureShape":[2048]},{"featureShape":[2048],"annotation":"rime"},{"annotation":"rime","featureShape":[2048]},{"annotation":"rime","featureShape":[2048]},{"featureShape":[2048],"annotation":"rime"},{"featureShape":[2048],"annotation":"rime"},{"featureShape":[2048],"annotation":"rime"},{"featureShape":[2048],"annotation":"rime"},{"annotation":"rime","featureShape":[2048]},{"annotation":"rime","featureShape":[2048]}]