{"preferredFilename":"Training Data","activityEntities":["dataSourceMetrics",[{"subtitle":"11 Classes, 1,100 Items","createdDate":"2024-11-14T22:18:03Z","id":"E670D19C-94D4-45C6-9D77-CD3DCF771AA5","title":"Data Summary","event":"dataSourceMetrics"}],"dataSourceCreated",[{"title":"Data Source Created","subtitle":"Training Data","createdDate":"2024-11-14T22:18:01Z","id":"69DBE04D-7333-46C3-B0ED-9C1E7A0AD369","event":"dataSourceCreated"}],"dataSourceTrainingStarted",[{"subtitle":"WeatherImageClassifier 1","id":"A753ABAC-0F6C-49B6-8752-AB8519C5FBC8","title":"Used By","event":"dataSourceTrainingStarted","createdDate":"2024-11-14T22:18:03Z"}]],"dataResult":{"dataURL":"file:\/\/\/Users\/enlaiyii\/Downloads\/Exam_3_Resources\/Training%20Data\/","createdDate":"2024-11-14T22:18:01Z","dataSourceID":"B6D49A67-53F5-4A97-ACCD-EA5E2BABFFBD"},"dataURL":"file:\/\/\/Users\/enlaiyii\/Downloads\/Exam_3_Resources\/Training%20Data\/","experimentIDs":["3D9EABBD-F068-47B8-AA12-AF96F4906A48"],"modifiedDate":"2024-11-14T22:18:03Z","title":"Training Data","dataPathRelativeToProjectURL":"..\/..\/..\/..\/Downloads\/Exam_3_Resources\/Training%20Data\/","id":"B6D49A67-53F5-4A97-ACCD-EA5E2BABFFBD","createdDate":"2024-11-14T22:18:01Z","pathType":0,"version":"1.0"}